Price,Open,High,Low,Close,Adj Close,Volume
2023-01-03 00:00:00,128.7826411649236,129.39551044224089,122.7428651172329,123.6325225830078,123.6325225830078,112117500
2023-01-04 00:00:00,125.43162222007309,127.1812834092853,123.64242739714911,124.90771484375,124.90771484375,89113600
2023-01-05 00:00:00,125.668833505705,126.30147708691391,123.32607783650229,123.5830841064453,123.5830841064453,80962700
2023-01-06 00:00:00,124.5617315121944,128.7925314443485,123.4546012919929,128.13023376464841,128.13023376464841,87754700
2023-01-09 00:00:00,128.9704889756074,131.8767015065342,128.39715319682301,128.65415954589841,128.65415954589841,70790800
2023-01-10 00:00:00,128.76287866678209,129.751385377183,126.647474909861,129.22747802734381,129.22747802734381,63896200
2023-01-11 00:00:00,129.7415043331919,131.97552404444249,128.9605906771462,131.95576477050781,131.95576477050781,69458900
2023-01-12 00:00:00,132.3412931209229,132.71691544226809,129.92933415366289,131.87669372558591,131.87669372558591,71379600
2023-01-13 00:00:00,130.51253218381839,133.3693158075402,130.14678954891531,133.2111511230469,133.2111511230469,57809700
2023-01-17 00:00:00,133.28033589487049,135.7120534872366,132.588384347588,134.37757873535159,134.37757873535159,63646600
2023-01-18 00:00:00,135.24748690824799,137.01690717262809,133.47805156045351,133.65599060058591,133.65599060058591,69672800
2023-01-19 00:00:00,132.53899128723259,134.68404919653631,132.23255659782021,133.71531677246091,133.71531677246091,58280400
2023-01-20 00:00:00,133.72517191147219,136.43368543097279,132.6773573267017,136.285400390625,136.285400390625,80223600
2023-01-23 00:00:00,136.53251917986731,141.67276528101769,136.3150465332765,139.4881591796875,139.4881591796875,81760300
2023-01-24 00:00:00,138.69734480445419,141.51459436693841,138.6874651694682,140.89183044433591,140.89183044433591,66435100
2023-01-25 00:00:00,139.27070057060919,140.79299416676849,137.2146049395916,140.22955322265619,140.22955322265619,65799300
2023-01-26 00:00:00,141.52450641893509,142.59209549504311,140.2690986511856,142.30543518066409,142.30543518066409,54105100
2023-01-27 00:00:00,141.51462437013359,145.5378388406229,141.43554202324191,144.2527770996094,144.2527770996094,70555800
2023-01-30 00:00:00,143.29390943800161,143.87712465526729,141.208160111495,141.35643005371091,141.35643005371091,64015300
2023-01-31 00:00:00,141.05991540288301,142.68106592924559,140.64474436260409,142.63163757324219,142.63163757324219,65874500
2023-02-01 00:00:00,142.31528804107481,144.92494470830039,139.69575173845911,143.75849914550781,143.75849914550781,77663600
2023-02-02 00:00:00,147.188632350955,149.44242627870941,146.4670267286391,149.0865783691406,149.0865783691406,118339000
2023-02-03 00:00:00,146.32864922602451,155.57119313377919,146.13095089780089,152.72428894042969,152.72428894042969,154357300
2023-02-06 00:00:00,150.81647157748361,151.3403789118004,149.04703617157861,149.9861145019531,149.9861145019531,69858300
2023-02-07 00:00:00,148.90865206674931,153.44589430278171,148.90865206674931,152.87255859375,152.87255859375,83322600
2023-02-08 00:00:00,152.11139923515759,152.80335083301819,149.4325397335808,150.1739196777344,150.1739196777344,64120100
2023-02-09 00:00:00,152.0125597152097,152.55624141902399,148.6911765868534,149.13600158691409,149.13600158691409,56007100
2023-02-10 00:00:00,147.96780653267581,149.82902644753571,147.73019724066461,149.5023193359375,149.5023193359375,57450700
2023-02-13 00:00:00,149.4429094326396,152.7198599153931,149.4132101617009,152.31396484375,152.31396484375,62199000
2023-02-14 00:00:00,150.60122163396119,152.23475701699871,149.35380697400549,151.6704406738281,151.6704406738281,61707600
2023-02-15 00:00:00,151.58133825179519,153.94747569846561,151.3536388197947,153.7791748046875,153.7791748046875,65573800
2023-02-16 00:00:00,151.9773387343686,154.76919088525321,151.8189476677602,152.17535400390619,152.17535400390619,68167900
2023-02-17 00:00:00,150.82891636100911,151.4724206020355,149.34389262961659,151.02691650390619,151.02691650390619,59144100
2023-02-21 00:00:00,148.7003871733358,149.7894107206676,146.928265335162,146.99755859375,146.99755859375,58867200
2023-02-22 00:00:00,147.38366971096639,148.45288875023689,145.6907508952882,147.42327880859381,147.42327880859381,51011300
2023-02-23 00:00:00,148.59146903762741,148.83897298969481,145.7699330479247,147.9083557128906,147.9083557128906,48394200
2023-02-24 00:00:00,145.6412548754133,145.7204579684647,144.2651332348413,145.24525451660159,145.24525451660159,55469600
2023-02-27 00:00:00,146.23525087875589,147.68066559008119,145.97783708430151,146.4431457519531,146.4431457519531,44998500
2023-02-28 00:00:00,145.58185657335409,147.59158785522061,145.36405184371341,145.9382629394531,145.9382629394531,50547000
2023-03-01 00:00:00,145.3640509605452,145.76005131760689,143.56221459109051,143.8592224121094,143.8592224121094,55479000
2023-03-02 00:00:00,142.93849350808969,145.2452322554139,142.4632750226161,144.4532165527344,144.4532165527344,52238100
2023-03-03 00:00:00,146.5619568116831,149.6013130753249,145.85905393614249,149.52210998535159,149.52210998535159,70732300
2023-03-06 00:00:00,152.25454983701869,154.73949959731121,151.92785785960839,152.2941589355469,152.2941589355469,87558000
2023-03-07 00:00:00,152.16545023619059,152.49215731620521,149.62111707090611,150.08642578125,150.08642578125,56182000
2023-03-08 00:00:00,151.2843362007323,151.9377503588864,150.31412479121079,151.34373474121091,151.34373474121091,47204800
2023-03-09 00:00:00,152.02685072996371,152.99706215582501,148.7300957198766,149.08650207519531,149.08650207519531,53833600
2023-03-10 00:00:00,148.7103138108838,149.43302127956619,146.13626610246089,147.01737976074219,147.01737976074219,68572400
2023-03-13 00:00:00,146.3342511628064,151.61103784521319,146.2253488070177,148.96769714355469,148.96769714355469,84457100
2023-03-14 00:00:00,149.76962498664281,151.86845415267089,148.60141331315799,151.06654357910159,151.06654357910159,73695900
2023-03-15 00:00:00,149.68052309089941,151.71995365613,148.4231985273702,151.4625549316406,151.4625549316406,77167900
2023-03-16 00:00:00,150.64081493684651,154.89788610113331,150.1260024664939,154.2939758300781,154.2939758300781,76161100
2023-03-17 00:00:00,154.52168788730711,155.17510202547021,152.7396561952458,153.45246887207031,153.45246887207031,98944600
2023-03-20 00:00:00,153.5217825705538,156.24432646768739,152.61095459129589,155.82850646972659,155.82850646972659,73641400
2023-03-21 00:00:00,155.7493352646716,157.80855539502781,154.9771088327301,157.68975830078119,157.68975830078119,73938300
2023-03-22 00:00:00,157.7095360083772,160.52117754091819,156.2344068779623,156.25421142578119,156.25421142578119,75701800
2023-03-23 00:00:00,157.24423866782479,159.9370833205621,156.10571123599641,157.3432312011719,157.3432312011719,67622100
2023-03-24 00:00:00,157.2739182481217,158.73913747364259,156.2740076797667,158.65003967285159,158.65003967285159,59196500
2023-03-27 00:00:00,158.3431678002103,159.1648829259014,156.2938273470206,156.6997375488281,156.6997375488281,52390300
2023-03-28 00:00:00,156.39281637438771,156.90762888352521,154.42267925169679,156.07600402832031,156.07600402832031,45992200
2023-03-29 00:00:00,157.77882467248901,159.44205919265099,157.75903523169001,159.16485595703119,159.16485595703119,51305700
2023-03-30 00:00:00,159.91728332006289,160.84790077737679,159.65988459830501,160.73899841308591,160.73899841308591,49501700
2023-03-31 00:00:00,160.81821573398511,163.35265450195371,160.29350841591881,163.25364685058591,163.25364685058591,68749800
2023-04-03 00:00:00,162.6299314656645,164.62975289569241,162.5804276447054,164.5109558105469,164.5109558105469,56976200
2023-04-04 00:00:00,164.93666557011281,165.17425973324029,163.46153634610229,163.9763488769531,163.9763488769531,46278300
2023-04-05 00:00:00,163.09524181864401,163.40214436262951,160.18459235196991,162.12501525878909,162.12501525878909,51511700
2023-04-06 00:00:00,160.80832055116679,163.3130753795904,160.3826208456961,163.01606750488281,163.01606750488281,45390100
2023-04-10 00:00:00,159.808351708972,160.4122619628906,158.48173413690239,160.4122619628906,160.4122619628906,47716900
2023-04-11 00:00:00,160.7290925345736,160.7389872555695,158.90745173956901,159.19456481933591,159.19456481933591,47644200
2023-04-12 00:00:00,159.61033867268191,160.4419482680137,158.18471359128961,158.50152587890619,158.50152587890619,50133100
2023-04-13 00:00:00,160.01628790137769,164.14465273087799,159.80837789845609,163.90704345703119,163.90704345703119,68445600
2023-04-14 00:00:00,162.94672669437051,164.6594652182159,162.18442526560759,163.560546875,163.560546875,49386500
2023-04-17 00:00:00,163.44173589030359,163.73874370809611,162.3923213596893,163.58033752441409,163.58033752441409,41516200
2023-04-18 00:00:00,164.4416670461294,165.73858561594119,163.99614775175189,164.80796813964841,164.80796813964841,49923000
2023-04-19 00:00:00,164.144644158029,166.48108235627171,163.88723034819449,165.95637512207031,165.95637512207031,47720200
2023-04-20 00:00:00,164.43175373561741,166.19398100625679,163.90704646438459,164.98616027832031,164.98616027832031,52456400
2023-04-21 00:00:00,163.40215105502571,164.78816747380591,162.84774448751361,163.37245178222659,163.37245178222659,58337300
2023-04-24 00:00:00,163.35264470445821,163.94666036414361,162.25372630855219,163.6793518066406,163.6793518066406,41949600
2023-04-25 00:00:00,163.54072367407861,164.64953661232681,162.09529385976799,162.13490295410159,162.13490295410159,48714100
2023-04-26 00:00:00,161.4320070777822,163.62984381357921,161.1746083552498,162.12501525878909,162.12501525878909,45498800
2023-04-27 00:00:00,163.5407393102472,166.87708827078589,163.5407393102472,166.72859191894531,166.72859191894531,64902300
2023-04-28 00:00:00,166.8077794238817,168.15420161173699,166.2038691387456,167.98588562011719,167.98588562011719,55209200
2023-05-01 00:00:00,167.58988704485299,168.74820381228079,166.95627748558189,167.89678955078119,167.89678955078119,52472900
2023-05-02 00:00:00,168.39181231709091,168.6492261368123,165.86726857821881,166.85728454589841,166.85728454589841,48425700
2023-05-03 00:00:00,167.80770344239929,169.21352427793391,165.49106974608631,165.7781677246094,165.7781677246094,65136000
2023-05-04 00:00:00,163.243711633137,165.37223965151199,162.6695006318279,164.13471984863281,164.13471984863281,81235400
2023-05-05 00:00:00,169.2729139939205,172.55977402605669,169.055109287866,171.8370666503906,171.8370666503906,113316400
2023-05-08 00:00:00,170.75794076749389,172.11427284325191,170.391639713053,171.76776123046881,171.76776123046881,55962800
2023-05-09 00:00:00,171.32225761857961,171.80735575023971,169.8867375588741,170.05503845214841,170.05503845214841,45326900
2023-05-10 00:00:00,171.29256173687199,172.29247239543179,170.18373361448459,171.82716369628909,171.82716369628909,53724500
2023-05-11 00:00:00,172.1142816870038,172.84688383352889,170.45104700920419,172.01527404785159,172.01527404785159,49514700
2023-05-12 00:00:00,172.1243011686519,172.56051309624951,169.52687667093329,171.08335876464841,171.08335876464841,45497800
2023-05-15 00:00:00,171.66828335580209,171.71785564660991,169.99283976693829,170.5876770019531,170.5876770019531,37266700
2023-05-16 00:00:00,170.5083643621285,171.64845141401119,170.31999873346251,170.5876770019531,170.5876770019531,42110300
2023-05-17 00:00:00,170.23077817517171,171.44025433578639,168.95188265441959,171.20233154296881,171.20233154296881,57951600
2023-05-18 00:00:00,171.5096795462583,173.7303883573243,171.09329948055989,173.5420227050781,173.5420227050781,65496700
2023-05-19 00:00:00,174.870446393962,174.870446393962,173.4329407843108,173.65104675292969,173.65104675292969,55772400
2023-05-22 00:00:00,172.48121957355701,173.20494177332739,171.95578654636699,172.69932556152341,172.69932556152341,43570900
2023-05-23 00:00:00,171.6385593675291,171.88640571785371,169.80449032419091,170.08207702636719,170.08207702636719,50747300
2023-05-24 00:00:00,169.6161258608314,170.93467026903741,169.05104404436651,170.35966491699219,170.35966491699219,45143500
2023-05-25 00:00:00,170.92475054539571,172.4019050243478,170.21095188854841,171.499755859375,171.499755859375,56058300
2023-05-26 00:00:00,171.82690796374209,174.2557989304357,171.618710394099,173.91871643066409,173.91871643066409,54835000
2023-05-30 00:00:00,175.43553093054109,177.44804166812341,175.04889130921589,175.77259826660159,175.77259826660159,55964400
2023-05-31 00:00:00,175.80236562165689,177.80496826079079,175.2372687120274,175.7230529785156,175.7230529785156,99625300
2023-06-01 00:00:00,176.1691639678279,178.56831456742501,175.40579305471189,178.53857421875,178.53857421875,68901800
2023-06-02 00:00:00,179.47050222445279,180.2140412929827,177.71574578706651,179.39118957519531,179.39118957519531,61945900
2023-06-05 00:00:00,181.0567024379439,183.35670847100741,176.50623240767689,178.03297424316409,178.03297424316409,121946500
2023-06-06 00:00:00,178.4196156032921,178.56831734898341,175.90148844243109,177.6661682128906,177.6661682128906,64848400
2023-06-07 00:00:00,176.90281634965251,179.6489581922576,175.79246952260959,176.28816223144531,176.28816223144531,61944600
2023-06-08 00:00:00,176.36743802214431,179.2821132113485,175.93124119908009,179.01445007324219,179.01445007324219,50214900
2023-06-09 00:00:00,179.93644924551381,180.66015634842171,179.07394879235869,179.40110778808591,179.40110778808591,48870700
2023-06-12 00:00:00,179.70843057033861,182.30585540353951,179.41101193334961,182.20671081542969,182.20671081542969,54274900
2023-06-13 00:00:00,181.22524912557421,182.56361030209749,180.86834978636659,181.73085021972659,181.73085021972659,54929100
2023-06-14 00:00:00,181.7903206289372,182.8015378873281,180.4519595281904,182.3653259277344,182.3653259277344,57462900
2023-06-15 00:00:00,182.37523462444409,184.91317840758791,182.19677741579341,184.4075622558594,184.4075622558594,65433200
2023-06-16 00:00:00,185.12138568804829,185.37915556544471,182.68258615200969,183.32698059082031,183.32698059082031,101235600
2023-06-20 00:00:00,182.8213765950151,184.4968202621219,182.8213765950151,183.41619873046881,183.41619873046881,49799100
2023-06-21 00:00:00,183.30714894064781,183.81276516106229,181.01705115534051,182.37525939941409,182.37525939941409,49515700
2023-06-22 00:00:00,182.15714267343611,185.43862563579461,182.08773844047289,185.38905334472659,185.38905334472659,51245300
2023-06-23 00:00:00,183.95156788104589,185.9442471312943,183.41621128242679,185.07182312011719,185.07182312011719,53079300
2023-06-26 00:00:00,185.22052415803651,186.4300154782604,183.63430156934751,183.67396545410159,183.67396545410159,48088700
2023-06-27 00:00:00,184.28860667459679,186.76706984205731,184.0705007056732,186.4399108886719,186.4399108886719,50730800
2023-06-28 00:00:00,186.3110387790579,188.26406909954761,185.9838949305078,187.61967468261719,187.61967468261719,51216800
2023-06-29 00:00:00,187.45115547762379,188.43263248114431,187.31236212506599,187.9567565917969,187.9567565917969,46347300
2023-06-30 00:00:00,189.9791732182635,192.80461229651161,189.6123503642267,192.29901123046881,192.29901123046881,85069600
2023-07-03 00:00:00,192.1106532757706,192.20979786240991,190.10805061890761,190.8020324707031,190.8020324707031,31458200
2023-07-05 00:00:00,189.91971590542349,191.3175578783339,188.97788763602901,189.68177795410159,189.68177795410159,46920300
2023-07-06 00:00:00,188.20457782150959,190.36580559694161,187.57009184775089,190.15760803222659,190.15760803222659,45094300
2023-07-07 00:00:00,189.761060404174,191.01020041329639,188.60114143984481,189.03733825683591,189.03733825683591,46778000
2023-07-10 00:00:00,187.6295934270409,188.35331565327749,185.4287166515054,186.9851989746094,186.9851989746094,59922200
2023-07-11 00:00:00,187.5304452438294,187.66923857945201,184.99250131968071,186.4597473144531,186.4597473144531,46638100
2023-07-12 00:00:00,188.04595669719529,190.04855924155859,186.84638895388289,188.13519287109381,188.13519287109381,60750200
2023-07-13 00:00:00,188.85889555641211,189.54295381895909,188.14509694569679,188.89854431152341,188.89854431152341,41342300
2023-07-14 00:00:00,188.591243040904,189.5330561585927,187.99642086899891,189.04728698730469,189.04728698730469,41573900
2023-07-17 00:00:00,190.2468257033596,192.64599134916111,190.15760466035189,192.31883239746091,192.31883239746091,50520200
2023-07-18 00:00:00,191.68436478363341,192.655918197619,190.7623685356146,192.06108093261719,192.06108093261719,48353800
2023-07-19 00:00:00,191.43649527350669,196.5222912516075,190.9903598150843,193.41926574707031,193.41926574707031,80507300
2023-07-20 00:00:00,193.40938509981959,194.77750187069299,190.84170039775719,191.4662780761719,191.4662780761719,59581200
2023-07-21 00:00:00,192.42791035637279,193.29041080540091,189.58262399890739,190.28651428222659,190.28651428222659,71917800
2023-07-24 00:00:00,191.74382595603399,193.23090383974321,190.59381542873751,191.0895080566406,191.0895080566406,45377800
2023-07-25 00:00:00,191.66454650804039,192.7649849376256,191.2580748522158,191.95204162597659,191.95204162597659,37283200
2023-07-26 00:00:00,192.0015959886147,193.9546263084919,191.65462019781469,192.82444763183591,192.82444763183591,47471900
2023-07-27 00:00:00,194.33134751765749,195.50117489112711,190.8912393735425,191.55546569824219,191.55546569824219,47460200
2023-07-28 00:00:00,192.99297950413739,194.9361013981904,192.46754649179769,194.14299011230469,194.14299011230469,48291400
2023-07-31 00:00:00,194.37100498050739,194.7973085377491,193.57789369266729,194.75764465332031,194.75764465332031,38824100
2023-08-01 00:00:00,194.54947387506411,195.0352430334068,193.59773724710169,193.9248962402344,193.9248962402344,35175100
2023-08-02 00:00:00,193.35975854022541,193.49855186010879,190.1972525280745,190.92095947265619,190.92095947265619,50389300
2023-08-03 00:00:00,189.91969553388509,190.71279169853841,189.0472715999588,189.52313232421881,189.52313232421881,61235200
2023-08-04 00:00:00,183.92183059501789,185.76580811380501,180.3528369691908,180.4222412109375,180.4222412109375,115799700
2023-08-07 00:00:00,180.56102321579411,181.55240859093851,175.82220233279119,177.30928039550781,177.30928039550781,97576100
2023-08-08 00:00:00,178.14204563329841,178.71705098279651,176.0502218261386,178.2510986328125,178.2510986328125,67823000
2023-08-09 00:00:00,179.31187389388211,179.37135459798421,175.48512561412889,176.65496826171881,176.65496826171881,60378500
2023-08-10 00:00:00,177.93381484794011,179.19287831156529,176.0700209230458,176.43682861328119,176.43682861328119,54686900
2023-08-11 00:00:00,176.02983256684109,177.32036168980019,175.26543082107969,176.49639892578119,176.49639892578119,51988100
2023-08-14 00:00:00,176.6750869236825,178.38257337135479,176.0198854651596,178.15425109863281,178.15425109863281,43675600
2023-08-15 00:00:00,177.5784931204611,178.17411849604409,175.7618061867858,176.15888977050781,176.15888977050781,43622600
2023-08-16 00:00:00,175.84123193317791,177.24096145960891,175.21581087709561,175.2853088378906,175.2853088378906,46964900
2023-08-17 00:00:00,175.8511310665649,176.2184341041098,172.21775754332151,172.7339782714844,172.7339782714844,66062900
2023-08-18 00:00:00,171.04636032936091,173.82599075554501,170.70883778094839,173.2204284667969,173.2204284667969,61114200
2023-08-21 00:00:00,173.79620604217209,174.84849110751961,172.47588124297121,174.56059265136719,174.56059265136719,46311900
2023-08-22 00:00:00,175.7716989524726,176.3871829499476,174.96759498215451,175.9404602050781,175.9404602050781,42084200
2023-08-23 00:00:00,177.22111147413551,180.2290643006026,177.03249147053401,179.80218505859381,179.80218505859381,52722800
2023-08-24 00:00:00,179.355459364837,179.78233860000071,174.72936147404121,175.0966796875,175.0966796875,54945800
2023-08-25 00:00:00,176.08940889849799,177.8465196809689,174.54076169805771,177.3104553222656,177.3104553222656,51449600
2023-08-28 00:00:00,178.7796888108974,179.2760508866549,177.25090028258219,178.87896728515619,178.87896728515619,43820700
2023-08-29 00:00:00,178.39251118833661,183.55467328918411,178.19396940518229,182.78034973144531,182.78034973144531,53003900
2023-08-30 00:00:00,183.59440922711971,186.48324017846019,183.39586742396719,186.28468322753909,186.28468322753909,60813900
2023-08-31 00:00:00,186.47328650618991,187.74397210964389,186.11590523348309,186.50306701660159,186.50306701660159,60794500
2023-09-01 00:00:00,188.11130822320729,188.538172344917,186.91010531378711,188.08152770996091,188.08152770996091,45732600
2023-09-05 00:00:00,186.91008160149721,188.59770944501929,186.2449583104289,188.31974792480469,188.31974792480469,45280000
2023-09-06 00:00:00,187.02920802693001,187.475945974967,180.1496375185788,181.57916259765619,181.57916259765619,81755800
2023-09-07 00:00:00,173.90539355501949,176.91336139268131,172.27732670257569,176.26808166503909,176.26808166503909,112488800
2023-09-08 00:00:00,177.05235186894311,178.92859983931831,176.49641364073341,176.8835754394531,176.8835754394531,65551300
2023-09-11 00:00:00,178.75981812268651,178.98814040153141,176.0496706936909,178.05497741699219,178.05497741699219,58953100
2023-09-12 00:00:00,178.18406545251989,178.81940831086649,173.54804542949859,175.01727294921881,175.01727294921881,90370200
2023-09-13 00:00:00,175.2257122463418,176.0099727090504,172.71412167424251,172.94245910644531,172.94245910644531,84267900
2023-09-14 00:00:00,172.7339737787434,174.81870021104149,172.31703152183701,174.46131896972659,174.46131896972659,60895800
2023-09-15 00:00:00,175.19595427627019,175.21581300070491,172.55531954165139,173.73664855957031,173.73664855957031,109205100
2023-09-18 00:00:00,175.19593036523639,178.07483910461681,174.88818834345719,176.67509460449219,176.67509460449219,67257600
2023-09-19 00:00:00,176.22837977645921,178.32302815377039,175.8412179980825,177.76710510253909,177.76710510253909,51826900
2023-09-20 00:00:00,177.95569322220521,178.39249419218919,174.12377809611689,174.213134765625,174.213134765625,58436200
2023-09-21 00:00:00,173.27997365508901,175.01724061925219,172.59499168557639,172.66447448730469,172.66447448730469,63047900
2023-09-22 00:00:00,173.39911221131911,175.79158086544709,172.7836281326413,173.51823425292969,173.51823425292969,56725400
2023-09-25 00:00:00,172.9325476120251,175.68239780791919,172.88290837390599,174.79887390136719,174.79887390136719,46172700
2023-09-26 00:00:00,173.54803864674591,173.92526351342309,170.41102677911371,170.70884704589841,170.70884704589841,64588900
2023-09-27 00:00:00,171.36402481079509,171.78096710415329,167.8200077433672,169.18995666503909,169.18995666503909,66921800
2023-09-28 00:00:00,168.1078907839796,170.77832096236611,166.40040416763799,169.44807434082031,169.44807434082031,56294400
2023-09-29 00:00:00,170.76838317446061,171.81074638236359,169.10059901226259,169.96427917480469,169.96427917480469,51814200
2023-10-02 00:00:00,169.97420357278409,173.03179529398389,169.68630513159169,172.48579406738281,172.48579406738281,52164500
2023-10-03 00:00:00,171.00663386743039,172.36667607241199,169.57712400580181,171.14561462402341,171.14561462402341,49594600
2023-10-04 00:00:00,169.84517596678771,172.94248570241589,169.72605391272199,172.396484375,172.396484375,53020300
2023-10-05 00:00:00,172.5254832702546,174.1734086117574,171.42355911392019,173.63734436035159,173.63734436035159,48527900
2023-10-06 00:00:00,172.53545399514539,176.69497045530051,171.9199547441531,176.1986083984375,176.1986083984375,57224100
2023-10-09 00:00:00,175.52355187327171,177.74725938871069,174.52090595018919,177.68769836425781,177.68769836425781,42390800
2023-10-10 00:00:00,176.80415770883761,178.41236580749589,176.65524001407169,177.092041015625,177.092041015625,43698000
2023-10-11 00:00:00,176.90344132377371,178.54144526755809,176.3078159196626,178.49180603027341,178.49180603027341,47551100
2023-10-12 00:00:00,178.75984452937601,181.01331743803621,177.73732472140051,179.39518737792969,179.39518737792969,56743100
2023-10-13 00:00:00,180.1000145168926,180.60629838312411,176.843880497882,177.54872131347659,177.54872131347659,51427100
2023-10-16 00:00:00,175.4639795847103,177.77702848833979,175.2257203544259,177.4196472167969,177.4196472167969,52517000
2023-10-17 00:00:00,175.36470667426019,177.12183257732809,173.52817617301579,175.86106872558591,175.86106872558591,57549400
2023-10-18 00:00:00,174.30248985254681,176.28793794498119,173.83590833900331,174.56059265136719,174.56059265136719,54764400
2023-10-19 00:00:00,174.7591314751968,176.5460377577175,173.91532513884431,174.18336486816409,174.18336486816409,59302900
2023-10-20 00:00:00,174.03447436266259,174.14367462886941,171.38390260775529,171.6221618652344,171.6221618652344,64189300
2023-10-23 00:00:00,169.6664671323833,172.74390252819151,168.6935866792885,171.74125671386719,171.74125671386719,55980100
2023-10-24 00:00:00,171.79092350033099,172.4064076486641,170.20255874285169,172.17808532714841,172.17808532714841,43816600
2023-10-25 00:00:00,170.6294261387803,171.80083332633421,169.40836456803709,169.8551025390625,169.8551025390625,57157000
2023-10-26 00:00:00,169.13039575330129,170.13305676328349,164.4645956319317,165.67572021484381,165.67572021484381,70625300
2023-10-27 00:00:00,165.69558183671231,167.73066925493359,165.6161620916175,166.99604797363281,166.99604797363281,58499100
2023-10-30 00:00:00,167.79023091894351,169.92458166587579,167.6413132159081,169.05097961425781,169.05097961425781,51131000
2023-10-31 00:00:00,168.11782995408231,169.65654016853571,166.6783679117602,169.5274963378906,169.5274963378906,44846000
2023-11-01 00:00:00,169.75581666227831,172.96231118007981,168.8822146298302,172.70420837402341,172.70420837402341,56934900
2023-11-02 00:00:00,174.2429429068373,176.4864939793014,174.1833818828963,176.27803039550781,176.27803039550781,77334800
2023-11-03 00:00:00,172.9722468290216,175.53347673875109,172.08872301559981,175.36470031738281,175.36470031738281,79763700
2023-11-06 00:00:00,175.0966792791377,178.12447562569949,174.9279180021118,177.9259338378906,177.9259338378906,63841300
2023-11-07 00:00:00,177.8763097348909,181.11260022776051,177.66784614167739,180.49711608886719,180.49711608886719,70530000
2023-11-08 00:00:00,181.02326177527161,182.1152492936175,180.26878169767619,181.559326171875,181.559326171875,49340300
2023-11-09 00:00:00,181.62881074103259,182.78035920210121,180.4871689201494,181.08280944824219,181.08280944824219,53763500
2023-11-10 00:00:00,182.8720614897297,185.4565506612299,182.43468499907061,185.28755187988281,185.28755187988281,66133400
2023-11-13 00:00:00,184.7110145612117,184.91975276586041,183.11062259877181,183.69709777832031,183.69709777832031,43627500
2023-11-14 00:00:00,186.579792942837,186.98734968032201,185.18815428767331,186.32135009765619,186.32135009765619,60108400
2023-11-15 00:00:00,186.72892111610659,188.36906788282491,186.6593315941644,186.88795471191409,186.88795471191409,53790500
2023-11-16 00:00:00,188.43865594913419,189.82035984023281,187.52413314975001,188.57781982421881,188.57781982421881,54412900
2023-11-17 00:00:00,189.11456252266419,189.2437915189264,187.44459626814819,188.55790710449219,188.55790710449219,50922700
2023-11-20 00:00:00,188.7567313670977,190.76468020612481,188.7467965077158,190.30741882324219,190.30741882324219,46505100
2023-11-21 00:00:00,190.26765186097259,190.37699597796981,188.60762038854111,189.50224304199219,189.50224304199219,38134500
2023-11-22 00:00:00,190.3471770402852,191.77857025832529,189.69111233552309,190.1682434082031,190.1682434082031,39617700
2023-11-24 00:00:00,189.73086532541629,189.7606850692226,188.1205384889839,188.83624267578119,188.83624267578119,24048300
2023-11-27 00:00:00,188.78654712309,189.53207108953589,187.7726302817608,188.6573181152344,188.6573181152344,40552600
2023-11-28 00:00:00,188.64736172795111,189.93960615586681,188.2696247743869,189.26365661621091,189.26365661621091,38415400
2023-11-29 00:00:00,189.76069003248779,190.94359046015381,187.8422156813964,188.23982238769531,188.23982238769531,43014200
2023-11-30 00:00:00,188.70703160550099,189.1841778871875,187.06688486941181,188.8163757324219,188.8163757324219,48794400
2023-12-01 00:00:00,189.19410585978829,190.4167609306881,188.10066463038251,190.09867858886719,190.09867858886719,45679300
2023-12-04 00:00:00,188.846189611759,188.9157791302396,186.33128993843849,188.2994689941406,188.2994689941406,43389500
2023-12-05 00:00:00,189.07482149235321,193.2398025692969,189.04498657992451,192.2656555175781,192.2656555175781,66628400
2023-12-06 00:00:00,193.28950362567241,193.59765109374209,190.9634725753497,191.17222595214841,191.17222595214841,41089700
2023-12-07 00:00:00,192.4744006383907,193.83621948055711,192.43463086867499,193.11058044433591,193.11058044433591,47477700
2023-12-08 00:00:00,193.0409942929123,194.8203199094653,192.51415859292629,194.5419921875,194.5419921875,53377300
2023-12-11 00:00:00,191.95749474821201,192.33523171194369,190.277578463476,192.0270690917969,192.0270690917969,60943700
2023-12-12 00:00:00,191.92769665062551,193.5579084922386,190.5758125501861,193.5479736328125,193.5479736328125,52696900
2023-12-13 00:00:00,193.92569758224519,196.81833431777551,193.68713961162791,196.77857971191409,196.77857971191409,70404200
2023-12-14 00:00:00,196.8381988513234,198.42864077264181,194.98929893159499,196.92765808105469,196.92765808105469,66831600
2023-12-15 00:00:00,196.35112988627449,197.21593282917419,195.824294166149,196.3908996582031,196.3908996582031,128256700
2023-12-18 00:00:00,194.91972010314339,195.4565058464004,193.22986883323679,194.7209167480469,194.7209167480469,55751900
2023-12-19 00:00:00,194.989304754562,195.7745832963036,194.7209118896302,195.7646484375,195.7646484375,40714100
2023-12-20 00:00:00,195.72488988877129,196.50023361616371,193.66725158691409,193.66725158691409,193.66725158691409,52242800
2023-12-21 00:00:00,194.92966611931479,195.90381315665189,192.3451770530628,193.51812744140619,193.51812744140619,46482500
2023-12-22 00:00:00,194.01513711760239,194.24377537319,191.81833513340541,192.444580078125,192.444580078125,37122800
2023-12-26 00:00:00,192.4545283956073,192.73285613100859,191.67918468017169,191.89787292480469,191.89787292480469,28919300
2023-12-27 00:00:00,191.3412191049222,192.34518593287331,189.94956524818431,191.99726867675781,191.99726867675781,48087700
2023-12-28 00:00:00,192.9813839214718,193.49828484070571,192.01717160785631,192.42472839355469,192.42472839355469,34049900
2023-12-29 00:00:00,192.7427850763616,193.23980104114619,190.58573760932339,191.38096618652341,191.38096618652341,42628800
2024-01-02 00:00:00,186.0330566235688,187.3153662175252,182.79251821875229,184.5320739746094,184.5320739746094,82488700
2024-01-03 00:00:00,183.12055562298841,184.7706521973418,182.33526193753411,183.15037536621091,183.15037536621091,58414500
2024-01-04 00:00:00,181.06292931922459,181.99732186004991,179.80051955406509,180.8243713378906,180.8243713378906,71983600
2024-01-05 00:00:00,180.90385710718039,181.66925069088811,179.09471190702351,180.09867858886719,180.09867858886719,62303300
2024-01-08 00:00:00,181.00326845316741,184.4923301954816,180.41679326133189,184.45256042480469,184.45256042480469,59144500
2024-01-09 00:00:00,182.8223445702103,184.04499955584961,181.63944418662979,184.0350646972656,184.0350646972656,42841800
2024-01-10 00:00:00,183.24978138533629,185.2875345855895,182.82233979382519,185.07879638671881,185.07879638671881,46792900
2024-01-11 00:00:00,185.42671870400409,185.93368472067911,182.52414714521399,184.4823913574219,184.4823913574219,49128400
2024-01-12 00:00:00,184.9495734055796,185.6255229866903,184.08477050382689,184.81040954589841,184.81040954589841,40444700
2024-01-16 00:00:00,181.0728448478074,183.1603026253903,179.85017475552081,182.53407287597659,182.53407287597659,65603000
2024-01-17 00:00:00,180.1881635122084,181.83824490899741,179.22395137316971,181.58973693847659,181.58973693847659,47317400
2024-01-18 00:00:00,184.97939242622601,188.0111927514186,184.72094959289211,187.5042419433594,187.5042419433594,78005800
2024-01-19 00:00:00,188.20006116021679,190.8044198805751,187.69311035237001,190.416748046875,190.416748046875,68741000
2024-01-22 00:00:00,191.15234200232319,194.1642575183665,191.11257223144139,192.73284912109381,192.73284912109381,60133900
2024-01-23 00:00:00,193.85611839033939,194.58175747905841,192.6732179231455,194.01515197753909,194.01515197753909,42355600
2024-01-24 00:00:00,194.25371040083749,195.20798769039709,193.18015413797889,193.3392028808594,193.3392028808594,53631300
2024-01-25 00:00:00,194.05490594716309,195.09864246073241,191.95749806154731,193.01116943359381,193.01116943359381,54822100
2024-01-26 00:00:00,193.11058683739941,193.5976527746196,190.7944906257776,191.27162170410159,191.27162170410159,44594000
2024-01-29 00:00:00,190.8640515837601,191.0529200636054,188.44856144945899,190.5857238769531,190.5857238769531,47145600
2024-01-30 00:00:00,189.80047228297701,190.65534040867769,186.3511800336272,186.91777038574219,186.91777038574219,55859400
2024-01-31 00:00:00,185.92372797618199,185.98338263365989,183.2497947899503,183.29948425292969,183.29948425292969,55467800
2024-02-01 00:00:00,182.8919451500293,185.83427124755639,182.72296153753899,185.74481201171881,185.74481201171881,64885400
2024-02-02 00:00:00,178.78657309445219,186.2119923912874,178.18021304585781,184.74082946777341,184.74082946777341,102518000
2024-02-05 00:00:00,187.02708693103881,188.12052803558689,184.73087577921021,186.55989074707031,186.55989074707031,69668800
2024-02-06 00:00:00,185.74480203892321,188.180177168222,185.65534280788859,188.17024230957031,188.17024230957031,43490800
2024-02-07 00:00:00,189.50222643046951,189.909783118799,187.4843430399979,188.2795715332031,188.2795715332031,53439000
2024-02-08 00:00:00,188.25969692135439,188.40879563608701,186.23187856237749,187.19609069824219,187.19609069824219,40962000
2024-02-09 00:00:00,187.76340641648079,189.09712043805791,187.11646725876849,187.96247863769531,187.96247863769531,45155200
2024-02-12 00:00:00,187.5344824223103,187.78330749959079,185.91213805857669,186.27044677734381,186.27044677734381,41781900
2024-02-13 00:00:00,184.89694454758461,185.33487911795879,182.64755610649431,184.17036437988281,184.17036437988281,56529500
2024-02-14 00:00:00,184.44906062504629,184.65806518525369,181.58259087415229,183.2845458984375,183.2845458984375,54630500
2024-02-15 00:00:00,182.6873852197877,183.62296999377591,180.49772745196651,182.99592590332031,182.99592590332031,65434500
2024-02-16 00:00:00,182.5579852711476,183.981272644733,180.816209688257,181.45320129394531,181.45320129394531,49701400
2024-02-20 00:00:00,180.93564089848351,181.57263250427789,179.15405998428739,180.70672607421881,180.70672607421881,53665600
2024-02-21 00:00:00,181.08496152111411,182.03049388623,179.81097819372201,181.46318054199219,181.46318054199219,41529700
2024-02-22 00:00:00,182.6176928712824,184.09074823448799,181.60249751065339,183.5035095214844,183.5035095214844,52292200
2024-02-23 00:00:00,184.14050422986651,184.17036202409389,181.3735705928882,181.66221618652341,181.66221618652341,45119700
2024-02-26 00:00:00,181.38355052297359,181.90109579673219,179.80101134340089,180.3086242675781,180.3086242675781,40867400
2024-02-27 00:00:00,180.24890489042261,183.05564406470421,178.7161338004791,181.77171325683591,181.77171325683591,54318900
2024-02-28 00:00:00,181.65227187035529,182.25940572629611,179.28346722817699,180.56739807128909,180.56739807128909,48953900
2024-02-29 00:00:00,180.41810366151441,181.7119971895346,178.68627553751091,179.9005432128906,179.9005432128906,136682600
2024-03-01 00:00:00,178.70617492699981,179.68156498512661,176.54637506189471,178.81565856933591,178.81565856933591,73488000
2024-03-04 00:00:00,175.3221374904135,176.06861269719141,172.97322823226921,174.27708435058591,174.27708435058591,81510100
2024-03-05 00:00:00,169.95748724050739,171.23147051058481,168.82284541599859,169.32049560546881,169.32049560546881,95132400
2024-03-06 00:00:00,170.25606504473799,170.43522699407839,167.88724549651999,168.32518005371091,168.32518005371091,68587700
2024-03-07 00:00:00,168.35505375316501,169.92763018116119,167.6981670423948,168.20576477050781,168.20576477050781,71765100
2024-03-08 00:00:00,168.2057772835208,172.88368639540991,168.1460616860156,169.9276428222656,169.9276428222656,76114600
2024-03-11 00:00:00,172.12725037151969,173.56048535052071,171.24143363964811,171.9381408691406,171.9381408691406,60139500
2024-03-12 00:00:00,172.33623719235939,173.2121062975323,170.20629520329729,172.4158630371094,172.4158630371094,59825400
2024-03-13 00:00:00,171.95805191298049,172.3760762525815,169.95748841772311,170.32575988769531,170.32575988769531,52488700
2024-03-14 00:00:00,172.0973773021251,173.49079163745051,171.24141844268891,172.18695068359381,172.18695068359381,72913500
2024-03-15 00:00:00,170.3655638276482,171.8087463378906,169.48969463541121,171.8087463378906,171.8087463378906,121664700
2024-03-18 00:00:00,174.74489145229541,176.87483361469179,172.70452267737829,172.90357971191409,172.90357971191409,75604200
2024-03-19 00:00:00,173.52067421691899,175.78001045706259,172.21683307682201,175.25250244140619,175.25250244140619,55215200
2024-03-20 00:00:00,174.89415908258559,177.8302917480469,174.26711507261521,177.8302917480469,177.8302917480469,53423100
2024-03-21 00:00:00,176.21793501777989,176.65586961417031,170.0371129861399,170.56462097167969,170.56462097167969,106181300
2024-03-22 00:00:00,170.95277649830081,172.2367224083722,169.26076900158961,171.4703369140625,171.4703369140625,71106600
2024-03-25 00:00:00,169.76839047714009,171.1319471167572,168.6536437415912,170.04707336425781,170.04707336425781,54288300
2024-03-26 00:00:00,169.20106023000119,170.61438491064951,168.78303590364709,168.91242980957031,168.91242980957031,57388400
2024-03-27 00:00:00,169.60913376008401,172.78414425918751,169.31054062211939,172.49549865722659,172.49549865722659,60273300
2024-03-28 00:00:00,170.94283813483631,171.4205780589011,169.70866021166751,170.6741027832031,170.6741027832031,65672700
2024-04-01 00:00:00,170.38547862745989,170.44519422178021,168.68350825393799,169.2309265136719,169.2309265136719,46240500
2024-04-02 00:00:00,168.28538634231541,168.54415896803059,167.43937496323821,168.0465087890625,168.0465087890625,49329500
2024-04-03 00:00:00,167.99673277562971,169.87784975553629,167.78772821512749,168.8526916503906,168.8526916503906,47691700
2024-04-04 00:00:00,169.4897042530356,171.11204882060329,168.02662658691409,168.02662658691409,168.02662658691409,53704400
2024-04-05 00:00:00,168.7929675547899,169.58921080070661,168.15597599547189,168.78302001953119,168.78302001953119,42055200
2024-04-08 00:00:00,168.23561647794651,168.40481571452679,167.4493358859462,167.65834045410159,167.65834045410159,37425500
2024-04-09 00:00:00,167.90716183961621,169.28068114838621,167.55881583800999,168.87260437011719,168.87260437011719,42451200
2024-04-10 00:00:00,168.00669616914149,168.29532657810819,166.3246362072623,166.9914855957031,166.9914855957031,49709300
2024-04-11 00:00:00,167.5488670137579,174.63541624491381,167.3697202301415,174.2173767089844,174.2173767089844,91070300
2024-04-12 00:00:00,173.44102962389061,177.52176704196779,173.39127675717171,175.72027587890619,175.72027587890619,101593300
2024-04-15 00:00:00,174.53586805138281,175.79990373427191,171.68930847441089,171.87841796875,171.87841796875,73531800
2024-04-16 00:00:00,170.94284143183609,172.94338974194341,167.4792003381757,168.583984375,168.583984375,73711200
2024-04-17 00:00:00,168.81289870293199,169.84800441976401,167.21046447753909,167.21046447753909,167.21046447753909,50901200
2024-04-18 00:00:00,167.24029654336019,167.84743029154779,165.76725645436011,166.25494384765619,166.25494384765619,43122900
2024-04-19 00:00:00,165.42888374733741,165.61797806342611,163.30888906647169,164.22456359863281,164.22456359863281,67772100
2024-04-22 00:00:00,164.7421044631744,166.4739172082034,163.99562926284759,165.06059265136719,165.06059265136719,48116400
2024-04-23 00:00:00,164.5729125122117,166.2649200036353,164.14492548116621,166.11561584472659,166.11561584472659,49537800
2024-04-24 00:00:00,165.7573065340701,168.5043451025881,165.42887079721271,168.22566223144531,168.22566223144531,48251800
2024-04-25 00:00:00,168.73327450279359,169.80820075027211,167.3597550998357,169.0915832519531,169.0915832519531,50558300
2024-04-26 00:00:00,169.081624768213,170.5347547439427,168.3849023881773,168.50434875488281,168.50434875488281,44838400
2024-04-29 00:00:00,172.5552069321275,175.20270935632291,172.28648678772149,172.6846008300781,172.6846008300781,68169400
2024-04-30 00:00:00,172.51539602156521,174.16759809934041,169.2010443307548,169.52949523925781,169.52949523925781,65934800
2024-05-01 00:00:00,168.78303163206601,171.89832652202929,168.31523926242039,168.50434875488281,168.50434875488281,50383100
2024-05-02 00:00:00,171.69926693100729,172.60499394198649,170.08688513916931,172.2168273925781,172.2168273925781,94214900
2024-05-03 00:00:00,185.77280978325871,186.12117099096091,181.801570988262,182.5181884765625,182.5181884765625,163224100
2024-05-06 00:00:00,181.4930249418685,183.3343214775735,179.57208736861651,180.85603332519531,180.85603332519531,78569700
2024-05-07 00:00:00,182.58785409480521,184.0310366275269,180.4678745845064,181.54278564453119,181.54278564453119,77305800
2024-05-08 00:00:00,181.9906787165348,182.20964601288571,180.59724908638569,181.8811950683594,181.8811950683594,45057100
2024-05-09 00:00:00,181.7020275403552,183.79216432803469,181.2541454250175,183.70259094238281,183.70259094238281,48983000
2024-05-10 00:00:00,184.28062242398161,184.46998840191679,181.51991222172589,182.43682861328119,182.43682861328119,50759500
2024-05-13 00:00:00,184.81883849593649,186.47328168344129,184.00157793065929,185.65602111816409,185.65602111816409,72044800
2024-05-14 00:00:00,186.8819036535792,187.66926595480419,185.66598899695339,186.80216979980469,186.80216979980469,52393600
2024-05-15 00:00:00,187.2805684968807,190.0113806876588,186.74236879854001,189.0845031738281,189.0845031738281,70400000
2024-05-16 00:00:00,189.83199615864379,190.45989075478769,189.02471179656041,189.2041015625,189.2041015625,52845200
2024-05-17 00:00:00,188.8752140325698,190.17086260921991,188.5463175718117,189.2340087890625,189.2340087890625,41282900
2024-05-20 00:00:00,188.69582178398369,191.2771426664072,188.37688635675951,190.40008544921881,190.40008544921881,44361300
2024-05-21 00:00:00,190.44991454290121,192.08442053272111,190.28048580582151,191.70570373535159,191.70570373535159,42309400
2024-05-22 00:00:00,191.6259804985601,192.1741412710586,189.6326796586952,190.26055908203119,190.26055908203119,34648500
2024-05-23 00:00:00,190.34027016979289,190.36020743395639,186.00485048634809,186.25401306152341,186.25401306152341,51005900
2024-05-24 00:00:00,188.18752508949149,189.94162421863649,187.41012383078689,189.3436279296875,189.3436279296875,36294600
2024-05-28 00:00:00,190.868504773859,192.35351928350599,188.46658896654759,189.3536071777344,189.3536071777344,52280100
2024-05-29 00:00:00,188.97487295416661,191.60602926265221,188.8752018363686,189.652587890625,189.652587890625,53068000
2024-05-30 00:00:00,190.12102272627729,191.5362644537017,189.99146851693149,190.64924621582031,190.64924621582031,49947900
2024-05-31 00:00:00,190.79874896001849,191.9249687427691,189.2738751129784,191.60603332519531,191.60603332519531,75158300
2024-06-03 00:00:00,192.25383098769501,194.33684160969631,191.87511422633889,193.38005065917969,193.38005065917969,50080500
2024-06-04 00:00:00,193.98801176077239,194.66574186569679,192.38340418619831,193.69898986816409,193.69898986816409,47471400
2024-06-05 00:00:00,194.74547082752241,196.24044634116561,194.21724736264929,195.2138977050781,195.2138977050781,54156800
2024-06-06 00:00:00,195.03450583879899,195.84179017422781,193.5195930765027,193.82855224609381,193.82855224609381,41181800
2024-06-07 00:00:00,193.99798178181689,196.2803195671149,193.489695585319,196.23048400878909,196.23048400878909,53103900
2024-06-10 00:00:00,196.24043562696309,196.6391048667748,191.50634675889481,192.47309875488281,192.47309875488281,97262100
2024-06-11 00:00:00,193.00133588013961,206.46609195915701,192.98141382249341,206.45611572265619,206.45611572265619,172373300
2024-06-12 00:00:00,206.67538853844059,219.4624149926953,206.2069616339241,212.35630798339841,212.35630798339841,198134300
2024-06-13 00:00:00,214.0206945432561,216.02395620562419,210.891213156243,213.5223693847656,213.5223693847656,97862700
2024-06-14 00:00:00,213.13367378271619,214.4492442771724,210.59221246372431,211.7782287597656,211.7782287597656,70122700
2024-06-17 00:00:00,212.65527993528349,218.21659070332569,212.0074632920053,215.94422912597659,215.94422912597659,93728300
2024-06-18 00:00:00,216.8611384124147,217.89766325641611,212.2865171159556,213.57218933105469,213.57218933105469,79943300
2024-06-20 00:00:00,213.2134100193318,213.52238441379211,208.1504394354611,208.97764587402341,208.97764587402341,86172500
2024-06-21 00:00:00,209.68526279056621,211.18023828891839,206.4162509174503,206.79498291015619,206.79498291015619,246421400
2024-06-24 00:00:00,207.02420349475861,211.9875177776506,205.89798377862789,207.44279479980469,207.44279479980469,80727000
2024-06-25 00:00:00,208.44940858434211,210.67194975002221,207.91122410230179,208.36968994140619,208.36968994140619,56713900
2024-06-26 00:00:00,210.79155216910209,214.14029800335811,209.93443224701051,212.53569030761719,212.53569030761719,66213200
2024-06-27 00:00:00,213.97087836680481,215.01736433595829,211.63872006367089,213.38285827636719,213.38285827636719,49772700
2024-06-28 00:00:00,215.0472324898511,215.3462306116547,209.59555430967669,209.91447448730469,209.91447448730469,82542700
2024-07-01 00:00:00,211.37956216985049,216.78140506529681,211.21013344081189,216.0239562988281,216.0239562988281,60402900
2024-07-02 00:00:00,215.42595595595569,219.64179766849509,214.37948530858341,219.53216552734381,219.53216552734381,58046200
2024-07-03 00:00:00,219.26308073535029,220.8078918457031,218.2963286627666,220.8078918457031,220.8078918457031,37369800
2024-07-05 00:00:00,220.907540387338,225.69146503075919,220.907540387338,225.58183288574219,225.58183288574219,60412400
2024-07-08 00:00:00,226.3293190774875,227.08678305881671,222.50218547217591,227.056884765625,227.056884765625,59085900
2024-07-09 00:00:00,227.16649847153789,228.63157564780499,225.61172641697121,227.91398620605469,227.91398620605469,48076100
2024-07-10 00:00:00,228.5319191198968,232.29925607500621,228.4820835628625,232.1995849609375,232.1995849609375,62627700
2024-07-11 00:00:00,230.61492037011669,231.6115707049558,225.01375035477761,226.80772399902341,226.80772399902341,64710600
2024-07-12 00:00:00,228.15319255639719,231.86073301422451,227.9139910015551,229.76776123046881,229.76776123046881,53046500
2024-07-15 00:00:00,235.68787221439831,236.43535998230431,232.3092281117703,233.6148376464844,233.6148376464844,62631300
2024-07-16 00:00:00,234.21283703260289,235.47858726109911,231.55178236868579,234.033447265625,234.033447265625,43234300
2024-07-17 00:00:00,228.68140979310061,230.68468664215069,225.88082486496339,228.11332702636719,228.11332702636719,57345900
2024-07-18 00:00:00,229.50863493701101,229.6681026383759,221.52547133243431,223.42906188964841,223.42906188964841,66034600
2024-07-19 00:00:00,224.06692564873421,226.04028896611689,222.53207568479931,223.5586242675781,223.5586242675781,49151500
2024-07-22 00:00:00,226.24957960487191,227.01700459563801,222.3427122455625,223.2098083496094,223.2098083496094,48201800
2024-07-23 00:00:00,223.6184310143822,226.1798296775016,221.9340895133702,224.25628662109381,224.25628662109381,39960300
2024-07-24 00:00:00,223.24967028544489,224.04699357799981,216.40268749627211,217.8079528808594,217.8079528808594,61777600
2024-07-25 00:00:00,218.19665359620481,220.11023564894731,213.90109302545341,216.76148986816409,216.76148986816409,51391200
2024-07-26 00:00:00,217.96741565742539,218.75477790382121,215.28642394070289,217.22990417480469,217.22990417480469,41601300
2024-07-29 00:00:00,216.23326096996001,218.56541907810001,215.02730738663391,217.50897216796881,217.50897216796881,36311800
2024-07-30 00:00:00,218.4557859117119,219.59196666736071,215.39606213190041,218.06709289550781,218.06709289550781,41643800
2024-07-31 00:00:00,220.6982497488722,223.07028238181741,219.89096542123681,221.33610534667969,221.33610534667969,50036300
2024-08-01 00:00:00,223.6184336722298,223.72806581879621,216.29306274041451,217.6285705566406,217.6285705566406,62501000
2024-08-02 00:00:00,218.41590675319651,224.844313342308,216.98074309833061,219.12353515625,219.12353515625,105568600
2024-08-05 00:00:00,198.42310739676381,212.7848420736874,195.3434615758442,208.56901550292969,208.56901550292969,119548600
2024-08-06 00:00:00,204.6123150651124,209.28660752946871,200.39648844230859,206.53584289550781,206.53584289550781,69660500
2024-08-07 00:00:00,206.2069550428707,212.9243839975228,205.69866882998741,209.1171875,209.1171875,63516400
2024-08-08 00:00:00,212.39614722358991,213.48249240679451,208.1304851324596,212.59547424316409,212.59547424316409,47161100
2024-08-09 00:00:00,211.38955402452129,216.05387055494421,211.25998460722801,215.51568603515619,215.51568603515619,42201600
2024-08-12 00:00:00,215.59550663031669,219.0279394266247,215.12653755612999,217.05229187011719,217.05229187011719,38028100
2024-08-13 00:00:00,218.5290263212716,221.40270642093421,218.5290263212716,220.78407287597659,220.78407287597659,44155300
2024-08-14 00:00:00,220.08562480803559,222.54021400164919,219.21752501736549,221.23309326171881,221.23309326171881,41960600
2024-08-15 00:00:00,224.10676986474729,224.85512281590931,222.27079905335069,224.22650146484381,224.22650146484381,46414000
2024-08-16 00:00:00,223.42826155403989,226.33187474025669,223.15885022096819,225.5535888671875,225.5535888671875,44340200
2024-08-19 00:00:00,225.22431131087819,225.49372264344569,222.5501887780633,225.39393615722659,225.39393615722659,40687800
2024-08-20 00:00:00,225.27420804373651,226.67112752076309,224.954903463113,226.0125732421875,226.0125732421875,30299000
2024-08-21 00:00:00,226.02254833732329,227.47933353511351,224.55577535614921,225.9028015136719,225.9028015136719,34765500
2024-08-22 00:00:00,227.28976176117081,227.83855699487941,223.4083048904395,224.03692626953119,224.03692626953119,43695300
2024-08-23 00:00:00,225.1644413074101,227.71881696403821,223.83736023691759,226.34184265136719,226.34184265136719,38677300
2024-08-26 00:00:00,226.26201548170079,226.78087779249771,223.39832305195921,226.68109130859381,226.68109130859381,30602200
2024-08-27 00:00:00,225.5036798955901,228.34742708173019,224.3961169649678,227.52922058105469,227.52922058105469,35934600
2024-08-28 00:00:00,227.41946703992409,229.35520907583671,225.18438078371821,225.99261474609381,225.99261474609381,38052200
2024-08-29 00:00:00,229.5947018960932,232.4085012026452,228.37737982242851,229.2853698730469,229.2853698730469,51906300
2024-08-30 00:00:00,229.68448994729229,229.89402024722429,226.98043458769101,228.4971008300781,228.4971008300781,52990800
2024-09-03 00:00:00,228.04808224732739,228.49709095305269,220.68428466242801,222.28077697753909,222.28077697753909,50190600
2024-09-04 00:00:00,221.17322424578339,221.2929558460886,217.0023958735564,220.36500549316409,220.36500549316409,43840200
2024-09-05 00:00:00,221.1432791688182,224.98481497811861,221.03352013282219,221.8916320800781,221.8916320800781,36615400
2024-09-06 00:00:00,223.4581991238727,224.74537478911401,219.28738577978089,220.3350830078125,220.3350830078125,48423000
2024-09-09 00:00:00,220.3350670246968,220.78407573977341,216.234092339809,220.42486572265619,220.42486572265619,67180000
2024-09-10 00:00:00,218.43924352876181,220.9936192587632,216.25405039598209,219.62663269042969,219.62663269042969,51591000
2024-09-11 00:00:00,220.9736588702828,222.60006887760491,217.41149163145681,222.1710205078125,222.1710205078125,44587100
2024-09-12 00:00:00,222.01136566399231,223.05906279420401,219.3372585452521,222.28077697753909,222.28077697753909,37498200
2024-09-13 00:00:00,223.08901316997171,223.54799446945989,221.42268236911951,222.0113830566406,222.0113830566406,36766600
2024-09-16 00:00:00,216.06445830371109,216.74297289953921,213.45021685499421,215.84495544433591,215.84495544433591,59357400
2024-09-17 00:00:00,215.27619443719669,216.42366284814071,214.02893954474479,216.31390380859381,216.31390380859381,45519300
2024-09-18 00:00:00,217.07224903728169,222.22092099435909,217.06226125375571,220.2053527832031,220.2053527832031,59894900
2024-09-19 00:00:00,224.4959168795838,229.31531179988681,224.1367068474718,228.36738586425781,228.36738586425781,66781300
2024-09-20 00:00:00,229.4649697486083,232.57811312113961,227.12012443578541,227.6988525390625,227.6988525390625,318679900
2024-09-23 00:00:00,226.84074079318771,228.94610768522739,225.31410200503299,225.97265625,225.97265625,54146000
2024-09-24 00:00:00,228.147869614878,228.84634456787049,225.23428387550629,226.87068176269531,226.87068176269531,43556100
2024-09-25 00:00:00,224.43603888049131,226.7908568504821,223.52804884217389,225.87287902832031,225.87287902832031,42308700
2024-09-26 00:00:00,226.80083714120579,227.99819881641099,224.91498831580549,227.0203552246094,227.0203552246094,36636700
2024-09-27 00:00:00,227.95829117282409,229.01596089620381,226.80083496693391,227.28974914550781,227.28974914550781,34026000
2024-09-30 00:00:00,229.53482055042821,232.48832702636719,229.1456776077643,232.48832702636719,232.48832702636719,54541900
2024-10-01 00:00:00,229.01597026460061,229.1456744268344,223.2486645660633,225.71324157714841,225.71324157714841,63285000
2024-10-02 00:00:00,225.39393750024189,226.87068310834721,222.5302449869956,226.281982421875,226.281982421875,32880600
2024-10-03 00:00:00,224.64557310138039,226.31190381452791,222.82957789090329,225.1744079589844,225.1744079589844,34044200
2024-10-04 00:00:00,227.3995161375635,227.49930262356301,223.63780617480541,226.30194091796881,226.30194091796881,37245100
2024-10-07 00:00:00,224.00698212280321,225.19437123468819,220.843945494027,221.2031555175781,221.2031555175781,39505400
2024-10-08 00:00:00,223.80742742544689,225.4837307412941,222.75973024040249,225.2742004394531,225.2742004394531,31855700
2024-10-09 00:00:00,224.7353864657012,229.24546472466869,224.33627096325679,229.0359191894531,229.0359191894531,33591100
2024-10-10 00:00:00,227.27979028338339,228.9960143540813,226.67112924406291,228.5370178222656,228.5370178222656,28183500
2024-10-11 00:00:00,228.7964498897189,228.9062089337624,226.84074743911049,227.05029296875,227.05029296875,31759200
2024-10-14 00:00:00,228.1977569014083,231.2211016065944,228.09798564307101,230.79205322265619,230.79205322265619,39882100
2024-10-15 00:00:00,233.0969778733182,236.96846201335649,231.85969551276989,233.3364562988281,233.3364562988281,64751400
2024-10-16 00:00:00,231.09139869260781,231.6102457794274,229.33525401328021,231.27099609375,231.27099609375,34082200
2024-10-17 00:00:00,232.91737034187659,233.3364614020046,230.01377239862461,231.64018249511719,231.64018249511719,32993800
2024-10-18 00:00:00,235.6613185338914,235.6613185338914,233.4960858911256,234.4839172363281,234.4839172363281,46431500
2024-10-21 00:00:00,233.93513726347371,236.3298759219538,233.93513726347371,235.96067810058591,235.96067810058591,36254500
2024-10-22 00:00:00,233.37636600975799,235.70125104779561,232.08920560922661,235.342041015625,235.342041015625,38846600
2024-10-23 00:00:00,233.56595129753521,234.62362105235991,227.25982300232991,230.25323486328119,230.25323486328119,52287000
2024-10-24 00:00:00,229.47495899723691,230.3131259260407,227.90841463888631,230.06367492675781,230.06367492675781,31109500
2024-10-25 00:00:00,229.23547896644121,232.70783235866449,229.06585412640541,230.90180969238281,230.90180969238281,38802300
2024-10-28 00:00:00,232.80762499530721,234.21451699403659,232.03931169048741,232.88743591308591,232.88743591308591,36087100
2024-10-29 00:00:00,232.58810476348469,233.81539934797499,231.80981890743919,233.15684509277341,233.15684509277341,35417200
2024-10-30 00:00:00,232.09916306464561,232.95727501758799,229.04588560251631,229.59468078613281,229.59468078613281,47070900
2024-10-31 00:00:00,228.83635490362701,229.32528432164801,224.87507199259841,225.41389465332031,225.41389465332031,64370100
2024-11-01 00:00:00,220.48472918772251,224.85511514551251,219.78626950218691,222.42047119140619,222.42047119140619,65276700
2024-11-04 00:00:00,220.5046966292777,222.30073152840919,219.2275088130919,221.52244567871091,221.52244567871091,44944500
2024-11-05 00:00:00,221.3129191236271,223.45819152571039,220.65436486265341,222.95928955078119,222.95928955078119,28111300
2024-11-06 00:00:00,222.12113695305959,225.57354530417689,220.70425717725169,222.23089599609381,222.23089599609381,54561100
2024-11-07 00:00:00,224.1367061107226,227.3795689475011,224.07684030978069,226.9804382324219,226.9804382324219,42137700
2024-11-08 00:00:00,226.92049995960829,228.40886899679029,226.16134014604211,226.71073913574219,226.71073913574219,38328800
2024-11-11 00:00:00,224.75289274268081,225.4521209161407,221.25673663335019,223.9837341308594,223.9837341308594,42005600
2024-11-12 00:00:00,224.30339000560161,225.34224111445201,223.11469448970431,223.9837341308594,223.9837341308594,40398300
2024-11-13 00:00:00,223.76397540644069,226.40107541529889,222.51534821963219,224.87275695800781,224.87275695800781,48566200
2024-11-14 00:00:00,224.77287777547031,228.61864039722619,224.7528954725484,227.9693603515625,227.9693603515625,44923900
2024-11-15 00:00:00,226.151340203101,226.67077335813079,224.023689933323,224.75288391113281,224.75288391113281,47923700
2024-11-18 00:00:00,225.0026149630485,229.4876892234719,224.92270099550521,227.76957702636719,227.76957702636719,44686000
2024-11-19 00:00:00,226.73070634208969,229.90722171238721,226.41106572007729,228.02928161621091,228.02928161621091,36211800
2024-11-20 00:00:00,227.80951934282999,229.67746064503271,225.6419044821167,228.74848937988281,228.74848937988281,35169600
2024-11-21 00:00:00,228.62863294260379,229.90722593821599,225.46211628612431,228.26902770996091,228.26902770996091,42108300
2024-11-22 00:00:00,227.80952873867179,230.46661102927649,227.80952873867179,229.61753845214841,229.61753845214841,38168300
2024-11-25 00:00:00,231.2058026888721,232.99383009111631,229.48769048234249,232.61424255371091,232.61424255371091,90152800
2024-11-26 00:00:00,233.07373841155271,235.31128373473049,233.07373841155271,234.80183410644531,234.80183410644531,45986200
2024-11-27 00:00:00,234.21249554010251,235.43115689965899,233.5532167242051,234.67198181152341,234.67198181152341,33498400
2024-11-29 00:00:00,234.55211454995279,237.5488197625333,233.71304074851761,237.06935119628909,237.06935119628909,28481400
2024-12-02 00:00:00,237.00941446483549,240.52553753151281,236.8995346663749,239.32685852050781,239.32685852050781,48137100
2024-12-03 00:00:00,239.54662188503681,242.49337894569661,238.6376176509325,242.38349914550781,242.38349914550781,38861000
2024-12-04 00:00:00,242.60325739533931,243.84190102311459,240.98504147614111,242.74310302734381,242.74310302734381,44383900
2024-12-05 00:00:00,243.72204013219249,244.27142389354461,241.8640822929535,242.7730712890625,242.7730712890625,40033900
2024-12-06 00:00:00,242.6432183998472,244.3613305629988,241.81412815025411,242.57328796386719,242.57328796386719,36870600
2024-12-09 00:00:00,241.56440918324199,246.9684712451099,241.48449521514061,246.47900390625,246.47900390625,44649200
2024-12-10 00:00:00,246.6188406529117,247.93739821602469,245.07053996605521,247.49787902832031,247.49787902832031,36914800
2024-12-11 00:00:00,247.6876707672576,250.52454792031961,245.98952569372011,246.21928405761719,246.21928405761719,45205800
2024-12-12 00:00:00,246.6188509234006,248.4668252462902,245.41017310687809,247.68768310546881,247.68768310546881,32777500
2024-12-13 00:00:00,247.54782582286589,249.01619729452801,245.96955931284191,247.85748291015619,247.85748291015619,33155300
2024-12-16 00:00:00,247.717644160285,251.10392039685561,247.37800598999189,250.7642822265625,250.7642822265625,51694800
2024-12-17 00:00:00,249.80533943156331,253.55122081355881,249.50566587259749,253.20159912109381,253.20159912109381,51356400
2024-12-18 00:00:00,251.88305927654201,254.00072602786409,247.4679155399385,247.77757263183591,247.77757263183591,56774100
2024-12-19 00:00:00,247.2281772707384,251.72323503929721,246.81862390484889,249.5156555175781,249.5156555175781,60882300
2024-12-20 00:00:00,247.76758181309799,254.71994465608731,245.42017186050569,254.21051025390619,254.21051025390619,147495300
2024-12-23 00:00:00,254.4902036649369,255.36922684225431,253.17164603591399,254.9896545410156,254.9896545410156,40858800
2024-12-24 00:00:00,255.20941243440669,257.92641115938608,255.00961989169011,257.91644287109381,257.91644287109381,23234700
2024-12-26 00:00:00,257.90642916266108,259.81433504408278,257.34704665632461,258.73550415039063,258.73550415039063,27237100
2024-12-27 00:00:00,257.54682582842293,258.41589596104092,252.78207543596491,255.3092956542969,255.3092956542969,42355300
2024-12-30 00:00:00,251.9529852424489,253.2215947382951,250.47461491371789,251.92301940917969,251.92301940917969,35557500
2024-12-31 00:00:00,252.16275955239959,253.00183336212831,249.15605553782561,250.14497375488281,250.14497375488281,39480700
2025-01-02 00:00:00,248.65660659999051,248.82643331135799,241.55442975303319,243.58219909667969,243.58219909667969,55740700
2025-01-03 00:00:00,243.09272766113281,243.91181916074601,241.62434088635601,243.09272766113281,243.09272766113281,40244100
2025-01-06 00:00:00,244.04168187374509,247.05836939894769,242.93290033169589,244.7309265136719,244.7309265136719,45045600
2025-01-07 00:00:00,242.71314361950871,245.28032844029431,241.08494412708001,241.9440002441406,241.9440002441406,40856000
2025-01-08 00:00:00,241.65429905026369,243.44234164075269,239.78635773622739,242.4334411621094,242.4334411621094,37628900
2025-01-10 00:00:00,239.7463920626497,239.89623646320089,232.74409661721961,236.5898742675781,236.5898742675781,61710900
2025-01-13 00:00:00,233.273523225752,234.4122706050548,229.46771001708311,234.14256286621091,234.14256286621091,49630700
2025-01-14 00:00:00,234.4921751774142,235.86066563539811,232.2146805100694,233.02378845214841,233.02378845214841,39435300
2025-01-15 00:00:00,234.38230107288459,238.69756385815541,234.17252500331,237.60874938964841,237.60874938964841,39832000
2025-01-16 00:00:00,237.089336348529,237.7485999192773,227.77956472670419,228.0093078613281,228.0093078613281,71759100
2025-01-17 00:00:00,231.86506609768281,232.03487756377001,228.22906438809181,229.7274169921875,229.7274169921875,68488300
2025-01-21 00:00:00,223.7539842374735,224.17352112887511,219.13906319002541,222.3954772949219,222.3954772949219,98070400
2025-01-22 00:00:00,219.54859611049599,223.87384226456621,219.54859611049599,223.58416748046881,223.58416748046881,64126500
2025-01-23 00:00:00,224.493183388126,226.7806616749281,222.05586069453571,223.41436767578119,223.41436767578119,60234800
2025-01-24 00:00:00,224.53312753788671,225.38220009721189,221.16683361690269,222.53532409667969,222.53532409667969,54697900
2025-01-27 00:00:00,223.7739617116392,231.8950221176089,223.73399710835051,229.6075439453125,229.6075439453125,94863400
2025-01-28 00:00:00,230.59647127201649,239.92620980468681,230.55650666713979,237.9983215332031,237.9983215332031,75707600
2025-01-29 00:00:00,233.86287156365171,239.5965730646729,233.7529917620667,239.09712219238281,239.09712219238281,45486100
2025-01-30 00:00:00,238.40787147181931,240.5255382388905,236.94948349745039,237.32905578613281,237.32905578613281,55658300
2025-01-31 00:00:00,246.91852728753369,246.91852728753369,233.18362815459491,235.7408142089844,235.7408142089844,101075100
2025-02-03 00:00:00,229.73741895869949,231.57539452052461,225.452121915866,227.75958251953119,227.75958251953119,73063300
2025-02-04 00:00:00,227.00041910872289,232.8739661835734,226.40107197135941,232.54432678222659,232.54432678222659,45067300
2025-02-05 00:00:00,228.27901582634641,232.4144684638066,228.0193068583431,232.2146911621094,232.2146911621094,39620300
2025-02-06 00:00:00,231.03597888552471,233.54323203112881,230.17692277145881,232.9638671875,232.9638671875,29925300
2025-02-07 00:00:00,232.3445476829273,233.74300400322841,227.01040087942309,227.3800048828125,227.3800048828125,39707200
2025-02-10 00:00:00,229.57000732421881,230.5899963378906,227.19999694824219,227.6499938964844,227.6499938964844,33115600
2025-02-11 00:00:00,228.19999694824219,235.22999572753909,228.1300048828125,232.6199951171875,232.6199951171875,53718400
2025-02-12 00:00:00,231.19999694824219,236.96000671386719,230.67999267578119,236.8699951171875,236.8699951171875,45243300
2025-02-13 00:00:00,236.9100036621094,242.3399963378906,235.57000732421881,241.5299987792969,241.5299987792969,53614100
2025-02-14 00:00:00,241.25,245.55000305175781,240.99000549316409,244.6000061035156,244.6000061035156,40896200
2025-02-18 00:00:00,244.1499938964844,245.17999267578119,241.8399963378906,244.4700012207031,244.4700012207031,48822500
2025-02-19 00:00:00,244.6600036621094,246.00999450683591,243.1600036621094,244.8699951171875,244.8699951171875,32204200
2025-02-20 00:00:00,244.94000244140619,246.7799987792969,244.28999328613281,245.83000183105469,245.83000183105469,32316900
2025-02-21 00:00:00,245.94999694824219,248.69000244140619,245.2200012207031,245.55000305175781,245.55000305175781,53197400
2025-02-24 00:00:00,244.92999267578119,248.86000061035159,244.41999816894531,247.1000061035156,247.1000061035156,51326400
2025-02-25 00:00:00,248,250,244.9100036621094,247.03999328613281,247.03999328613281,48013300
2025-02-26 00:00:00,244.33000183105469,244.97999572753909,239.1300048828125,240.36000061035159,240.36000061035159,44433600
2025-02-27 00:00:00,239.4100036621094,242.46000671386719,237.05999755859381,237.30000305175781,237.30000305175781,41153600
2025-02-28 00:00:00,236.94999694824219,242.0899963378906,230.19999694824219,241.8399963378906,241.8399963378906,56833400
2025-03-03 00:00:00,241.78999328613281,244.0299987792969,236.11000061035159,238.0299987792969,238.0299987792969,47184000
2025-03-04 00:00:00,237.71000671386719,240.07000732421881,234.67999267578119,235.92999267578119,235.92999267578119,53798100
2025-03-05 00:00:00,235.41999816894531,236.55000305175781,229.22999572753909,235.74000549316409,235.74000549316409,47227600
2025-03-06 00:00:00,234.44000244140619,237.86000061035159,233.1600036621094,235.33000183105469,235.33000183105469,45170400
2025-03-07 00:00:00,235.11000061035159,241.3699951171875,234.75999450683591,239.07000732421881,239.07000732421881,46273600
2025-03-10 00:00:00,235.53999328613281,236.1600036621094,224.2200012207031,227.47999572753909,227.47999572753909,72071200
2025-03-11 00:00:00,223.80999755859381,225.8399963378906,217.44999694824219,220.8399963378906,220.8399963378906,76137400
2025-03-12 00:00:00,220.13999938964841,221.75,214.9100036621094,216.97999572753909,216.97999572753909,62547500
2025-03-13 00:00:00,215.94999694824219,216.8399963378906,208.41999816894531,209.67999267578119,209.67999267578119,61368300
2025-03-14 00:00:00,211.25,213.94999694824219,209.58000183105469,213.49000549316409,213.49000549316409,60107600
2025-03-17 00:00:00,213.30999755859381,215.2200012207031,209.9700012207031,214,214,48073400
2025-03-18 00:00:00,214.1600036621094,215.1499938964844,211.49000549316409,212.69000244140619,212.69000244140619,42432400
2025-03-19 00:00:00,214.2200012207031,218.75999450683591,213.75,215.24000549316409,215.24000549316409,54385400
2025-03-20 00:00:00,213.99000549316409,217.49000549316409,212.2200012207031,214.1000061035156,214.1000061035156,48862900
2025-03-21 00:00:00,211.55999755859381,218.8399963378906,211.2799987792969,218.27000427246091,218.27000427246091,94127800
2025-03-24 00:00:00,221,221.47999572753909,218.58000183105469,220.72999572753909,220.72999572753909,44299500
2025-03-25 00:00:00,220.77000427246091,224.1000061035156,220.08000183105469,223.75,223.75,34493600
2025-03-26 00:00:00,223.50999450683591,225.02000427246091,220.4700012207031,221.5299987792969,221.5299987792969,34466100
2025-03-27 00:00:00,221.38999938964841,224.99000549316409,220.55999755859381,223.8500061035156,223.8500061035156,37094800
2025-03-28 00:00:00,221.66999816894531,223.80999755859381,217.67999267578119,217.8999938964844,217.8999938964844,39818600
2025-03-31 00:00:00,217.00999450683591,225.6199951171875,216.22999572753909,222.1300048828125,222.1300048828125,65299300
2025-04-01 00:00:00,219.80999755859381,223.67999267578119,218.8999938964844,223.19000244140619,223.19000244140619,36412700
2025-04-02 00:00:00,221.32000732421881,225.19000244140619,221.02000427246091,223.88999938964841,223.88999938964841,35905900
2025-04-03 00:00:00,205.53999328613281,207.49000549316409,201.25,203.19000244140619,203.19000244140619,103419000
2025-04-04 00:00:00,193.88999938964841,199.8800048828125,187.3399963378906,188.3800048828125,188.3800048828125,125910900
2025-04-07 00:00:00,177.19999694824219,194.1499938964844,174.6199951171875,181.46000671386719,181.46000671386719,160466300
2025-04-08 00:00:00,186.69999694824219,190.3399963378906,169.21000671386719,172.41999816894531,172.41999816894531,120859500
2025-04-09 00:00:00,171.94999694824219,200.61000061035159,171.88999938964841,198.8500061035156,198.8500061035156,184395900
2025-04-10 00:00:00,189.07000732421881,194.7799987792969,183,190.41999816894531,190.41999816894531,121880000
2025-04-11 00:00:00,186.1000061035156,199.53999328613281,186.05999755859381,198.1499938964844,198.1499938964844,87435900
2025-04-14 00:00:00,211.44000244140619,212.94000244140619,201.1600036621094,202.52000427246091,202.52000427246091,101352900
2025-04-15 00:00:00,201.86000061035159,203.50999450683591,199.80000305175781,202.13999938964841,202.13999938964841,51343900
2025-04-16 00:00:00,198.36000061035159,200.69999694824219,192.3699951171875,194.27000427246091,194.27000427246091,59732400
2025-04-17 00:00:00,197.19999694824219,198.83000183105469,194.41999816894531,196.97999572753909,196.97999572753909,51334300
2025-04-21 00:00:00,193.27000427246091,193.80000305175781,189.80999755859381,193.1600036621094,193.1600036621094,46742500
2025-04-22 00:00:00,196.1199951171875,201.5899963378906,195.9700012207031,199.74000549316409,199.74000549316409,52976400
2025-04-23 00:00:00,206,208,202.80000305175781,204.6000061035156,204.6000061035156,52929200
2025-04-24 00:00:00,204.88999938964841,208.83000183105469,202.94000244140619,208.3699951171875,208.3699951171875,47311000
2025-04-25 00:00:00,206.3699951171875,209.75,206.19999694824219,209.2799987792969,209.2799987792969,38222300
2025-04-28 00:00:00,210,211.5,207.46000671386719,210.13999938964841,210.13999938964841,38743100
2025-04-29 00:00:00,208.69000244140619,212.24000549316409,208.3699951171875,211.21000671386719,211.21000671386719,36827600
2025-04-30 00:00:00,209.30000305175781,213.58000183105469,206.66999816894531,212.5,212.5,52286500
2025-05-01 00:00:00,209.08000183105469,214.55999755859381,208.8999938964844,213.32000732421881,213.32000732421881,57365700
2025-05-02 00:00:00,206.0899963378906,206.99000549316409,202.1600036621094,205.3500061035156,205.3500061035156,101010600
2025-05-05 00:00:00,203.1000061035156,204.1000061035156,198.21000671386719,198.88999938964841,198.88999938964841,68915400
